Workbook

Sheet Hr Dashboard
A1: Employee | B1: Name | C1: Department | D1: Position | E1: Gender | F1: Age | G1: Salary | H1: HireDate | I1: Status
A2: =ROW()-1 -> 1 | B2: Sari O | C2: =VLOOKUP(A2,Sheet2!$A$1:$I$101,3,0) -> Operations | D2: =VLOOKUP(A2,Sheet2!$A$1:$I$101,4,0) -> Staff | E2: =VLOOKUP(A2,Sheet2!$A$1:$I$101,5,0) -> Female | F2: =VLOOKUP(A2,Sheet2!$A$1:$I$101,6,0) -> 32 | G2: =VLOOKUP(A2,Sheet2!$A$1:$I$101,7,0) -> 11453852 | H2: =VLOOKUP(A2,Sheet2!$A$1:$I$101,8,0) -> 2021-06-21 | I2: =VLOOKUP(A2,Sheet2!$A$1:$I$101,9,0) -> Resigned
A3: =ROW()-1 -> 2 | B3: Gina O | C3: =VLOOKUP(A3,Sheet2!$A$1:$I$101,3,0) -> Operations | D3: =VLOOKUP(A3,Sheet2!$A$1:$I$101,4,0) -> Senior Staff | E3: =VLOOKUP(A3,Sheet2!$A$1:$I$101,5,0) -> Female | F3: =VLOOKUP(A3,Sheet2!$A$1:$I$101,6,0) -> 51 | G3: =VLOOKUP(A3,Sheet2!$A$1:$I$101,7,0) -> 6001172 | H3: =VLOOKUP(A3,Sheet2!$A$1:$I$101,8,0) -> 2024-04-05 | I3: =VLOOKUP(A3,Sheet2!$A$1:$I$101,9,0) -> Active
A4: =ROW()-1 -> 3 | B4: Oka J | C4: =VLOOKUP(A4,Sheet2!$A$1:$I$101,3,0) -> Operations | D4: =VLOOKUP(A4,Sheet2!$A$1:$I$101,4,0) -> Senior Staff | E4: =VLOOKUP(A4,Sheet2!$A$1:$I$101,5,0) -> Female | F4: =VLOOKUP(A4,Sheet2!$A$1:$I$101,6,0) -> 38 | G4: =VLOOKUP(A4,Sheet2!$A$1:$I$101,7,0) -> 7413799 | H4: =VLOOKUP(A4,Sheet2!$A$1:$I$101,8,0) -> 2021-09-29 | I4: =VLOOKUP(A4,Sheet2!$A$1:$I$101,9,0) -> Active
A5: =ROW()-1 -> 4 | B5: Lina A | C5: =VLOOKUP(A5,Sheet2!$A$1:$I$101,3,0) -> IT | D5: =VLOOKUP(A5,Sheet2!$A$1:$I$101,4,0) -> Supervisor | E5: =VLOOKUP(A5,Sheet2!$A$1:$I$101,5,0) -> Female | F5: =VLOOKUP(A5,Sheet2!$A$1:$I$101,6,0) -> 48 | G5: =VLOOKUP(A5,Sheet2!$A$1:$I$101,7,0) -> 10449313 | H5: =VLOOKUP(A5,Sheet2!$A$1:$I$101,8,0) -> 2021-01-22 | I5: =VLOOKUP(A5,Sheet2!$A$1:$I$101,9,0) -> Active
A6: =ROW()-1 -> 5 | B6: Lina Z | C6: =VLOOKUP(A6,Sheet2!$A$1:$I$101,3,0) -> HR | D6: =VLOOKUP(A6,Sheet2!$A$1:$I$101,4,0) -> Manager | E6: =VLOOKUP(A6,Sheet2!$A$1:$I$101,5,0) -> Female | F6: =VLOOKUP(A6,Sheet2!$A$1:$I$101,6,0) -> 27 | G6: =VLOOKUP(A6,Sheet2!$A$1:$I$101,7,0) -> 4372338 | H6: =VLOOKUP(A6,Sheet2!$A$1:$I$101,8,0) -> 2025-05-15 | I6: =VLOOKUP(A6,Sheet2!$A$1:$I$101,9,0) -> Active
A7: =ROW()-1 -> 6 | B7: Eka Q | C7: =VLOOKUP(A7,Sheet2!$A$1:$I$101,3,0) -> Finance | D7: =VLOOKUP(A7,Sheet2!$A$1:$I$101,4,0) -> Supervisor | E7: =VLOOKUP(A7,Sheet2!$A$1:$I$101,5,0) -> Female | F7: =VLOOKUP(A7,Sheet2!$A$1:$I$101,6,0) -> 51 | G7: =VLOOKUP(A7,Sheet2!$A$1:$I$101,7,0) -> 10293130 | H7: =VLOOKUP(A7,Sheet2!$A$1:$I$101,8,0) -> 2022-04-07 | I7: =VLOOKUP(A7,Sheet2!$A$1:$I$101,9,0) -> Active
A8: =ROW()-1 -> 7 | B8: Fajar C | C8: =VLOOKUP(A8,Sheet2!$A$1:$I$101,3,0) -> Operations | D8: =VLOOKUP(A8,Sheet2!$A$1:$I$101,4,0) -> Supervisor | E8: =VLOOKUP(A8,Sheet2!$A$1:$I$101,5,0) -> Female | F8: =VLOOKUP(A8,Sheet2!$A$1:$I$101,6,0) -> 43 | G8: =VLOOKUP(A8,Sheet2!$A$1:$I$101,7,0) -> 5377372 | H8: =VLOOKUP(A8,Sheet2!$A$1:$I$101,8,0) -> 2025-03-30 | I8: =VLOOKUP(A8,Sheet2!$A$1:$I$101,9,0) -> Resigned
A9: =ROW()-1 -> 8 | B9: Joko T | C9: =VLOOKUP(A9,Sheet2!$A$1:$I$101,3,0) -> Finance | D9: =VLOOKUP(A9,Sheet2!$A$1:$I$101,4,0) -> Manager | E9: =VLOOKUP(A9,Sheet2!$A$1:$I$101,5,0) -> Female | F9: =VLOOKUP(A9,Sheet2!$A$1:$I$101,6,0) -> 55 | G9: =VLOOKUP(A9,Sheet2!$A$1:$I$101,7,0) -> 7547167 | H9: =VLOOKUP(A9,Sheet2!$A$1:$I$101,8,0) -> 2025-08-31 | I9: =VLOOKUP(A9,Sheet2!$A$1:$I$101,9,0) -> Active
A10: =ROW()-1 -> 9 | B10: Nina K | C10: =VLOOKUP(A10,Sheet2!$A$1:$I$101,3,0) -> Finance | D10: =VLOOKUP(A10,Sheet2!$A$1:$I$101,4,0) -> Senior Staff | E10: =VLOOKUP(A10,Sheet2!$A$1:$I$101,5,0) -> Female | F10: =VLOOKUP(A10,Sheet2!$A$1:$I$101,6,0) -> 24 | G10: =VLOOKUP(A10,Sheet2!$A$1:$I$101,7,0) -> 14294913 | H10: =VLOOKUP(A10,Sheet2!$A$1:$I$101,8,0) -> 2023-11-25 | I10: =VLOOKUP(A10,Sheet2!$A$1:$I$101,9,0) -> Active
A11: =ROW()-1 -> 10 | B11: Citra Q | C11: =VLOOKUP(A11,Sheet2!$A$1:$I$101,3,0) -> HR | D11: =VLOOKUP(A11,Sheet2!$A$1:$I$101,4,0) -> Senior Staff | E11: =VLOOKUP(A11,Sheet2!$A$1:$I$101,5,0) -> Female | F11: =VLOOKUP(A11,Sheet2!$A$1:$I$101,6,0) -> 50 | G11: =VLOOKUP(A11,Sheet2!$A$1:$I$101,7,0) -> 5583136 | H11: =VLOOKUP(A11,Sheet2!$A$1:$I$101,8,0) -> 2024-07-17 | I11: =VLOOKUP(A11,Sheet2!$A$1:$I$101,9,0) -> Active
A12: =ROW()-1 -> 11 | B12: Hadi C | C12: =VLOOKUP(A12,Sheet2!$A$1:$I$101,3,0) -> Finance | D12: =VLOOKUP(A12,Sheet2!$A$1:$I$101,4,0) -> Supervisor | E12: =VLOOKUP(A12,Sheet2!$A$1:$I$101,5,0) -> Female | F12: =VLOOKUP(A12,Sheet2!$A$1:$I$101,6,0) -> 32 | G12: =VLOOKUP(A12,Sheet2!$A$1:$I$101,7,0) -> 11947624 | H12: =VLOOKUP(A12,Sheet2!$A$1:$I$101,8,0) -> 2025-05-12 | I12: =VLOOKUP(A12,Sheet2!$A$1:$I$101,9,0) -> Active
A13: =ROW()-1 -> 12 | B13: Tono T | C13: =VLOOKUP(A13,Sheet2!$A$1:$I$101,3,0) -> Finance | D13: =VLOOKUP(A13,Sheet2!$A$1:$I$101,4,0) -> Staff | E13: =VLOOKUP(A13,Sheet2!$A$1:$I$101,5,0) -> Male | F13: =VLOOKUP(A13,Sheet2!$A$1:$I$101,6,0) -> 23 | G13: =VLOOKUP(A13,Sheet2!$A$1:$I$101,7,0) -> 13728950 | H13: =VLOOKUP(A13,Sheet2!$A$1:$I$101,8,0) -> 2024-06-25 | I13: =VLOOKUP(A13,Sheet2!$A$1:$I$101,9,0) -> Active
... A101: =ROW()-1 -> 100 | B101: Sari P | C101: =VLOOKUP(A101,Sheet2!$A$1:$I$101,3,0) -> Finance | D101: =VLOOKUP(A101,Sheet2!$A$1:$I$101,4,0) -> Manager | E101: =VLOOKUP(A101,Sheet2!$A$1:$I$101,5,0) -> Female | F101: =VLOOKUP(A101,Sheet2!$A$1:$I$101,6,0) -> 52 | G101: =VLOOKUP(A101,Sheet2!$A$1:$I$101,7,0) -> 14050314 | H101: =VLOOKUP(A101,Sheet2!$A$1:$I$101,8,0) -> 2025-01-24 | I101: =VLOOKUP(A101,Sheet2!$A$1:$I$101,9,0) -> Active

Sheet Sheet2
A1: EmployeeID | B1: Name | C1: Department | D1: Position | E1: Gender | F1: Age | G1: Salary | H1: HireDate | I1: Status
A2: 1 | B2: Sari O | C2: Operations | D2: Staff | E2: Female | F2: 32 | G2: 11453852 | H2: 2021-06-21 | I2: Resigned
A3: 2 | B3: Gina O | C3: Operations | D3: Senior Staff | E3: Female | F3: 51 | G3: 6001172 | H3: 2024-04-05 | I3: Active
A4: 3 | B4: Oka J | C4: Operations | D4: Senior Staff | E4: Female | F4: 38 | G4: 7413799 | H4: 2021-09-29 | I4: Active
A5: 4 | B5: Lina A | C5: IT | D5: Supervisor | E5: Female | F5: 48 | G5: 10449313 | H5: 2021-01-22 | I5: Active
A6: 5 | B6: Lina Z | C6: HR | D6: Manager | E6: Female | F6: 27 | G6: 4372338 | H6: 2025-05-15 | I6: Active
A7: 6 | B7: Eka Q | C7: Finance | D7: Supervisor | E7: Female | F7: 51 | G7: 10293130 | H7: 2022-04-07 | I7: Active
A8: 7 | B8: Fajar C | C8: Operations | D8: Supervisor | E8: Female | F8: 43 | G8: 5377372 | H8: 2025-03-30 | I8: Resigned
A9: 8 | B9: Joko T | C9: Finance | D9: Manager | E9: Female | F9: 55 | G9: 7547167 | H9: 2025-08-31 | I9: Active
A10: 9 | B10: Nina K | C10: Finance | D10: Senior Staff | E10: Female | F10: 24 | G10: 14294913 | H10: 2023-11-25 | I10: Active
A11: 10 | B11: Citra Q | C11: HR | D11: Senior Staff | E11: Female | F11: 50 | G11: 5583136 | H11: 2024-07-17 | I11: Active
A12: 11 | B12: Hadi C | C12: Finance | D12: Supervisor | E12: Female | F12: 32 | G12: 11947624 | H12: 2025-05-12 | I12: Active
A13: 12 | B13: Tono T | C13: Finance | D13: Staff | E13: Male | F13: 23 | G13: 13728950 | H13: 2024-06-25 | I13: Active
... A101: 100 | B101: Sari P | C101: Finance | D101: Manager | E101: Female | F101: 52 | G101: 14050314 | H101: 2025-01-24 | I101: Active
